Doc,TF
D1,0
D3,0
D12,0
D15,0
D18,0
D19,0
D25,0
D31,0
D33,0
D35,0
D39,4
D40,0
D45,1
D48,0
D49,1
D50,0
D51,0
D55,0
D58,0
D63,1
D65,0
D67,0
D69,2
D75,0
D76,0
D81,0
D83,0
D86,0
D87,0
D90,0
D106,0
D108,0
D111,0
D118,0
D119,0
D126,0
D130,0
D131,0
D134,1
D150,2
D152,0
D158,0
D161,0
D166,0
D174,0
D179,0
D183,0
D186,0
D188,0
D193,1
D194,0
D199,0
D200,0
D201,0
D202,1
D204,0
D212,0
D221,0
D227,0
D232,0
D236,0
D239,1
D244,0
D245,0
D246,4
D247,4
D250,3
D251,1
D252,0
D260,0
D261,0
D263,0
D265,4
D266,1
D267,0
D270,0
D272,3
D273,2
D274,0
D275,4
D276,1
D277,0
D278,4
D279,0
D281,0
D287,2
D288,0
D291,3
D294,0
D295,1
D296,2
D300,1
D304,2
D306,0
D308,0
D318,0
D319,0
D321,1
D324,1
D325,0
D326,0
D330,0
D331,2
D332,0
D333,0
D334,0
D335,0
D336,0
D340,0
D341,0
D343,1
D345,0
D346,0
D347,2
D348,0
D349,0
D350,1
D351,0
D352,3
D356,1
D358,0
D360,0
D362,2
D363,0
D364,12
D365,1
D366,1
D367,1
D370,0
D375,0
D376,0
D379,0
D380,1
D381,0
D382,0
D383,0
D384,0
D386,0
D389,1
D391,8
D392,3
D393,0
D395,1
D396,3
D401,0
D402,1
D403,1
D404,0
D405,1
D406,0
D407,0
D408,0
D409,2
D411,0
D413,0
D414,5
D415,2
D418,0
D419,3
D420,0
D421,0
D422,1
D423,1
D424,2
D425,4
D427,0
D428,0
D429,1
D430,0
D431,2
D432,0
D434,0
D435,3
D436,0
D438,0
D444,1
D447,0
D451,0
D452,0
D454,0
D456,1
D457,0
D458,0
D459,0
D462,0
D464,1
D466,0
D467,0
D469,6
D470,3
D473,0
D476,1
D477,0
D478,0
D479,4
D485,0
D487,0
D488,1
D489,3
D490,1
D491,0
D492,2
D493,0
D494,2
D495,1
D496,2
D497,0
D498,5
D499,0
D500,0
D501,0
D502,1
D503,0
D504,1
D505,2
D506,2
D507,0
D508,0
D509,0
D510,0
D512,0
D514,0
D518,0
D519,0
D520,0
D522,1
D524,0
D525,0
D528,0
D529,1
D530,8
D531,2
D534,0
D543,2
D545,4
D546,0
D547,1
D548,1
D549,4
D550,1
D551,2
D553,0
D554,5
D555,7
D557,3
D561,0
D562,0
D563,1
D567,0
D572,0
D574,0
D575,0
D576,1
D577,0
D578,0
D582,0
D584,0
D585,2
D586,1
D587,1
D588,2
D589,1
D590,2
D591,1
D592,1
D596,0
D597,2
D599,0
D601,1
D602,2
D608,1
D609,1
D610,0
D612,1
D619,0
D621,1
D622,1
D623,1
D625,2
D626,0
D627,6
D632,3
D635,1
D636,3
D639,0
D651,0
D654,1
D655,2
D656,1
D659,0
D660,2
D666,1
D670,1
D671,0
D672,1
D673,2
D674,0
D675,2
D678,0
D683,0
D685,3
D686,1
D687,3
D688,4
D693,0
D694,0
D696,0
D703,0
D715,0
D720,0
D722,0
D725,0
D726,0
D732,0
D735,0
D737,0
D741,0
D748,0
D759,0
D760,0
D761,0
D767,0
D768,0
D771,0
D775,0
D778,0
D781,0
D782,0
D790,0
D791,0
D794,0
D796,0
D799,0
D804,0
D806,0
D812,0
D818,0
D826,0
D837,0
D838,0
D839,0
D840,0
D842,0
D846,0
D850,0
D858,0
D859,0
D864,0
D872,0
D874,0
D879,0
D889,0
D891,0
D893,0
D894,0
D904,0
D905,0
D906,0
D915,0
D916,0
D919,0
D928,0
D932,0
D947,0
D955,0
D956,0
D957,0
D971,0
D977,0
D984,0
D991,0
D998,0
D1000,0
D1001,0
D1004,0
D1013,0
D1019,0
D1020,0
D1023,0
D1033,0
D1038,0
D1039,0
D1040,0
D1042,0
D1054,0
D1056,0
D1058,0
D1061,0
D1064,0
D1068,0
D1069,0
D1085,0
D1088,0
D1095,0
D1096,0
D1097,0
D1099,0
D1105,0
D1108,0
D1109,0
D1110,0
D1114,0
D1115,0
D1117,0
D1118,0
D1120,0
D1123,0
D1127,0
D1128,0
D1136,0
D1148,0
D1151,0
D1160,0
D1161,0
D1166,0
D1172,0
D1174,0
D1177,0
D1184,0
D1187,0
D1190,0
D1192,0
D1199,0
D1209,0
D1220,0
D1223,0
D1226,0
D1227,0
D1235,0
D1238,0
D1241,0
D1243,0
D1258,0
D1260,0
D1264,0
D1266,0
D1273,0
D1276,0
D1278,0
D1280,0
D1288,0
D1290,1
D1292,0
D1294,0
D1300,0
D1302,0
D1305,0
D1308,0
D1311,0
D1314,0
D1317,0
D1324,0
D1329,0
D1331,0
D1332,0
D1335,0
D1337,0
D1340,0
D1345,0
D1346,0
D1348,0
D1355,0
D1359,0
D1366,0
D1369,0
D1370,0
D1387,0
D1396,0
D1397,0
D1399,0
D1401,0
D1405,0
D1407,0
D1411,0
D1422,0
D1426,0
D1433,0
D1436,0
D1438,0
D1439,0
D1442,0
D1446,0
D1456,0
D1460,0
D1462,0
D1467,0
D1470,0
D1475,0
D1485,0
D1491,0
D1493,0
D1495,0
D1497,0
D1503,0
D1505,0
D1511,0
D1512,0
D1514,0
D1515,0
D1517,0
D1519,0
D1520,0
D1522,0
D1526,0
D1528,0
D1531,0
D1533,0
D1536,0
D1537,0
D1539,0
D1541,0
D1545,0
D1550,0
D1553,0
D1558,0
D1561,0
D1573,0
D1574,0
D1577,0
D1580,0
D1584,0
D1594,2
D1595,0
D1606,0
D1608,0
D1611,0
D1638,0
D1640,0
D1643,0
D1650,0
D1653,0
D1655,0
D1659,0
D1664,0
D1665,0
D1667,0
D1669,0
D1670,0
D1672,0
D1675,0
D1677,0
D1678,0
D1679,0
D1680,0
D1681,0
D1683,0
D1684,0
D1688,0
D1691,0
D1703,0
D1714,0
D1716,0
D1719,2
D1720,0
D1723,0
D1733,0
D1734,0
D1743,0
D1744,0
D1747,0
D1750,0
D1756,0
D1757,0
D1759,0
D1761,2
D1764,0
D1766,0
D1767,0
D1772,0
D1778,0
D1779,0
D1781,0
D1783,0
D1785,0
D1794,0
D1801,0
D1804,0
D1806,0
D1822,1
D1827,0
D1829,0
D1831,0
D1833,0
D1834,0
D1836,0
D1839,0
D1841,0
D1843,0
D1844,0
D1847,1
D1859,0
D1864,0
D1868,3
D1871,2
D1881,0
D1883,0
D1885,0
D1888,0
D1890,0
D1892,0
D1896,0
D1902,0
D1907,0
D1909,0
D1912,0
D1914,0
D1915,0
D1918,0
D1922,0
D1926,0
D1929,0
D1931,0
D1935,0
D1939,0
D1942,0
D1947,0
D1950,0
D1951,0
D1956,0
D1957,0
D1959,0
D1964,0
D1965,0
D1966,0
D1970,0
D1976,0
D1980,0
D1985,0
D1986,0
D1987,0
D1997,0
D2000,0
D2004,0
D2007,0
D2010,0
D2011,0
D2015,0
D2019,0
D2021,0
D2029,0
D2031,0
D2033,0
D2034,0
D2036,0
D2037,0
D2042,0
D2054,0
D2064,0
D2067,0
D2069,0
D2072,0
D2076,0
D2084,0
D2091,0
D2092,0
D2096,0
D2101,0
D2106,0
D2107,0
D2109,0
D2112,0
D2116,0
D2117,0
D2118,1
D2119,0
D2120,0
D2123,0
D2131,0
D2139,0
D2140,0
D2153,0
D2155,0
D2160,0
D2171,0
D2175,0
D2181,0
D2184,0
D2188,0
D2198,0
D2199,0
D2201,0
D2205,0
D2213,0
D2218,0
D2225,0
D2232,0
D2234,0
D2237,0
D2239,2
D2244,0
D2247,0
D2248,0
D2256,0
D2259,0
D2264,0
D2265,0
D2266,0
D2269,0
D2276,0
D2278,0
D2279,0
D2287,0
D2288,0
D2291,0
D2292,0
D2294,0
D2300,0
D2304,0
D2314,0
D2318,0
D2319,0
D2320,0
D2322,0
D2329,1
D2336,0
D2339,0
D2344,0
D2358,0
D2364,0
D2365,0
D2367,0
D2370,0
D2371,0
D2377,0
D2379,0
D2390,0
D2392,0
D2398,0
D2401,0
D2402,0
D2405,0
D2410,0
D2422,0
D2431,0
D2434,0
D2436,0
D2446,1
D2453,0
D2454,0
D2467,0
D2477,0
D2486,0
D2490,0
D2493,2
D2497,0
D2508,0
D2509,0
D2512,0
D2514,0
D2520,0
D2523,0
D2524,0
D2529,0
D2530,0
D2531,0
D2534,0
D2543,0
D2550,0
D2557,0
D2559,0
D2561,0
D2569,0
D2572,0
D2575,0
D2577,0
D2583,0
D2588,0
D2591,0
D2594,0
D2601,0
D2604,0
D2606,0
D2607,0
D2608,1
D2617,0
D2619,1
D2621,1
D2623,0
D2628,1
D2631,0
D2634,4
D2635,8
D2637,0
D2638,0
D2639,0
D2646,4
D2649,1
D2650,1
D2654,0
D2656,0
D2658,0
D2659,0
D2660,2
D2662,2
D2664,4
D2666,1
D2670,0
D2676,3
D2677,3
D2680,0
D2681,1
D2685,0
D2688,1
D2694,0
D2703,0
D2704,0
D2705,4
D2706,1
D2708,0
D2709,2
D2711,0
D2712,0
D2713,0
D2715,0
D2716,0
D2717,0
D2719,9
D2720,0
D2723,0
D2726,3
D2732,0
D2739,1
D2740,0
D2741,0
D2742,1
D2744,0
D2745,0
D2749,0
D2750,0
D2753,1
D2756,0
D2757,0
D2760,0
D2761,0
D2762,1
D2765,0
D2769,0
D2771,0
D2777,0
D2779,0
D2783,0
D2789,0
D2790,4
D2792,0
D2793,0
D2795,0
D2796,0
D2798,1
D2801,0
D2804,0
D2806,0
D2808,2
D2810,2
D2811,0
D2813,1
D2815,1
D2816,0
D2823,0
D2825,2
D2827,1
D2832,0
D2840,0
D2841,3
D2845,2
D2846,2
D2850,0
D2856,0
D2861,0
D2865,2
D2868,1
D2869,1
D2871,0
D2877,1
D2878,1
D2879,0
D2881,0
D2882,0
D2883,0
D2885,0
D2888,0
D2893,0
D2895,0
D2897,0
D2898,0
D2899,1
D2909,1
D2912,1
D2913,0
D2914,0
D2916,0
D2917,1
D2920,0
D2922,1
D2924,0
D2925,1
D2927,0
D2928,1
D2930,0
D2933,1
D2938,1
D2941,0
D2942,0
D2945,0
D2949,1
D2956,0
D2957,0
D2961,2
D2962,0
D2977,0
D2979,0
D2981,1
D2988,1
D2989,0
D2990,0
D2991,0
D3000,0
D3001,0
D3002,0
D3003,0
D3005,0
D3007,1
D3009,0
D3014,0
D3015,0
D3018,1
D3019,0
D3022,1
D3023,0
D3028,0
D3034,0
D3037,0
D3040,1
D3042,1
D3047,0
D3050,0
D3053,5
D3057,0
D3058,1
D3060,0
D3062,1
D3064,1
D3068,0
D3072,0
D3076,2
D3078,0
D3080,3
D3082,0
D3084,1
D3094,1
D3097,0
D3099,0
D3105,2
D3109,4
D3112,1
D3114,1
D3117,0
D3120,0
D3122,2
D3124,0
D3129,0
D3130,6
D3135,2
D3136,0
D3137,3
D3142,4
D3144,0
D3145,1
D3146,3
D3148,0
D3151,0
D3155,0
D3159,0
D3160,0
D3161,0
D3163,0
D3167,0
D3168,7
D3171,0
D3175,0
D3178,0
D3180,1
D3182,0
D3187,0
D3190,1
D3191,1
D3195,0
D3196,0
D3203,1
D3206,0
D3210,0
D3212,0
D3214,0
D3217,0
D3218,0
D3227,0
D3230,0
D3232,1
D3235,0
D3236,0
D3237,2
D3238,2
D3239,2
D3248,1
D3251,0
D3253,0
D3254,0
D3255,0
D3257,2
D3259,1
D3261,0
D3264,0
D3266,0
D3267,0
D3268,0
D3271,0
D3276,1
D3283,0
D3284,0
D3288,0
D3292,0
D3294,0
D3300,2
D3302,0
D3303,0
D3306,0
D3316,1
D3318,0
D3319,0
D3322,0
D3324,0
D3333,2
D3335,6
D3338,0
D3339,1
D3341,0
D3345,0
D3348,0
D3349,0
D3356,0
D3359,0
D3364,0
D3365,1
D3367,0
D3371,0
D3381,0
D3384,0
D3386,0
D3395,0
D3396,0
D3399,0
D3404,0
D3406,2
D3408,2
D3409,0
D3414,1
D3415,0
D3418,2
D3419,0
D3429,0
D3432,0
D3437,1
D3438,0
D3439,0
D3443,2
D3447,0
D3452,0
D3453,0
D3454,0
D3455,1
D3456,1
D3461,0
D3463,0
D3464,0
D3465,1
D3466,0
D3469,0
D3470,0
D3477,1
D3478,0
D3481,0
D3483,0
D3484,0
D3486,0
D3488,0
D3489,0
D3495,0
D3496,0
D3501,0
D3502,1
D3507,0
D3511,0
D3512,0
D3513,0
D3514,0
D3516,0
D3519,1
D3524,0
D3528,0
D3531,0
D3546,0
D3547,0
D3551,0
D3556,0
D3563,0
D3568,0
D3569,0
D3574,0
D3593,0
D3594,0
D3598,0
D3601,0
D3603,0
D3611,0
D3621,0
D3623,0
D3626,0
D3627,0
D3628,0
D3629,0
D3631,2
D3633,0
D3634,0
D3635,0
D3636,0
D3638,0
D3643,1
D3644,0
D3645,0
D3646,0
D3647,0
D3649,0
D3651,1
D3652,0
D3653,0
D3654,0
D3655,2
D3658,1
D3663,0
D3666,0
D3674,0
D3686,0
D3690,0
D3691,0
D3696,0
D3699,0
D3700,0
D3701,0
D3703,0
D3706,0
D3712,0
D3714,0
D3727,0
D3729,0
D3730,0
D3732,2
D3734,0
D3738,0
D3741,0
D3742,0
D3743,1
D3744,0
D3748,0
D3751,0
D3753,0
D3758,0
D3761,0
D3768,0
D3775,0
D3777,0
D3781,1
D3802,0
D3808,0
D3811,0
D3812,0
D3820,0
D3824,0
D3828,0
D3833,0
D3835,0
D3846,0
D3850,0
D3851,0
D3852,0
D3853,0
D3854,0
D3857,0
D3866,4
D3868,0
D3874,0
D3881,0
D3884,1
D3893,0
D3903,0
D3907,1
D3917,0
D3919,0
D3923,0
D3924,0
D3930,0
D3931,0
D3932,0
D3938,0
D3945,0
D3950,0
D3952,0
D3954,0
D3956,0
D3958,0
D3970,0
D3974,0
D3978,0
D3986,0
D3989,0
D3997,0
D4004,0
D4005,0
D4012,1
D4013,1
D4014,0
D4015,1
D4016,0
D4017,0
D4018,0
D4020,0
D4027,0
D4029,0
D4031,0
D4040,2
D4050,0
D4051,0
D4054,0
D4061,0
D4064,0
D4066,1
D4072,0
D4075,0
D4080,2
D4082,0
D4084,0
D4085,0
D4087,0
D4094,0
D4104,0
D4111,0
D4112,0
D4118,0
D4130,0
D4132,0
D4134,0
D4136,0
D4138,0
D4143,1
D4144,0
D4148,0
D4149,0
D4150,1
D4152,0
D4156,0
D4162,0
D4163,1
D4165,1
D4167,0
D4168,0
D4170,0
D4171,0
D4173,0
D4174,0
D4178,0
D4180,0
D4188,0
D4193,3
D4202,0
D4204,0
D4206,0
D4207,0
D4209,0
D4210,0
D4211,0
D4213,0
D4215,0
D4218,0
D4219,0
D4223,1
D4225,0
D4232,1
D4233,1
D4235,0
D4243,0
D4244,1
D4249,2
D4259,1
D4262,1
D4263,1
D4271,1
D4272,2
D4273,0
D4276,0
D4285,1
D4295,1
D4297,2
D4300,0
D4303,0
D4306,1
D4307,1
D4311,1
D4313,0
D4322,0
D4324,1
D4325,0
D4327,0
D4328,1
D4331,0
D4333,1
D4336,1
D4338,1
D4339,0
D4340,0
D4342,0
D4348,0
D4351,0
D4356,0
D4357,0
D4358,0
D4359,0
D4372,0
D4378,0
D4381,0
D4385,0
D4389,2
D4404,0
D4405,0
D4406,0
D4409,0
D4410,1
D4414,0
D4420,0
D4421,0
D4424,0
D4425,0
D4426,4
D4428,0
D4433,0
D4437,0
D4443,0
D4444,2
D4454,0
D4459,0
D4460,0
D4471,0
D4474,0
D4483,0
D4484,0
D4494,0
D4498,0
D4499,0
D4509,1
D4514,1
D4515,0
D4527,0
D4529,0
D4530,0
D4533,0
D4537,0
D4541,0
D4545,0
D4549,0
D4559,0
D4564,0
D4565,0
D4592,0
D4593,0
D4595,0
D4603,2
D4633,0
D4635,0
D4636,0
D4639,0
D4640,0
D4641,0
D4651,0
D4652,0
D4668,1
D4674,0
D4676,0
D4678,0
D4682,0
D4693,0
D4698,0
D4705,0
D4711,1
D4715,4
D4724,0
D4727,1
D4731,0
D4735,0
D4745,0
D4749,0
D4756,0
D4759,0
D4761,0
D4765,0
D4767,1
D4769,1
D4770,0
D4775,1
D4777,3
D4778,1
D4779,2
D4780,2
D4784,1
D4795,0
D4797,2
D4798,3
D4801,0
D4805,0
D4808,1
D4809,3
D4810,1
D4817,0
D4822,0
D4823,4
D4825,0
D4827,2
D4832,4
D4835,3
D4848,2
D4850,1
D4851,1
D4858,1
D4863,0
D4865,0
D4867,0
D4870,0
D4871,0
D4872,0
D4875,0
D4877,0
D4879,2
D4880,0
D4881,6
D4882,4
D4884,2
D4891,3
D4893,3
D4894,1
D4896,1
D4897,0
D4900,0
D4902,0
D4905,0
D4930,0
D4933,1
D4938,1
D4946,0
D4956,0
D4960,0
D4964,1
D4966,0
D4969,0
D4973,3
D4976,1
D4977,1
D4978,0
D4979,0
D4980,0
D4981,0
D4988,0
D4991,0
D4996,9
D4998,0
D5003,0
D5004,0
D5005,3
D5007,2
D5008,0
D5009,3
D5012,1
D5014,0
D5015,1
D5020,0
D5024,0
D5027,0
D5031,0
D5036,0
D5037,0
D5041,0
D5042,0
D5045,0
D5047,0
D5048,0
D5050,0
D5051,0
D5052,0
D5053,0
D5056,0
D5059,0
D5067,0
D5070,1
D5073,1
D5082,2
D5083,0
D5090,0
D5093,5
D5094,2
D5097,2
D5098,0
D5099,2
D5100,1
D5101,3
D5102,1
D5104,0
D5105,0
D5109,1
D5112,0
D5119,0
D5123,0
D5128,1
D5130,8
D5135,0
D5138,0
D5145,0
D5146,0
D5147,2
D5154,0
D5155,0
D5157,0
D5160,1
D5162,0
D5164,3
D5168,2
D5177,0
D5178,2
D5181,2
D5182,0
D5183,3
D5184,5
D5185,1
D5187,1
D5189,0
D5195,0
D5198,0
D5201,1
D5202,1
D5207,1
D5212,0
D5216,0
D5219,0
D5220,0
D5221,0
D5223,0
D5229,1
D5248,1
D5249,1
D5251,0
D5253,1
D5254,3
D5263,1
D5268,1
D5269,0
D5273,0
D5276,0
D5278,1
D5280,0
D5282,0
D5284,0
D5288,1
D5293,5
D5300,2
D5302,0
D5306,0
D5307,0
D5308,1
D5310,0
D5311,0
D5312,0
D5315,2
D5318,1
D5319,0
D5321,0
D5327,0
D5333,0
D5336,0
D5339,0
D5345,0
D5349,0
D5350,0
D5354,0
D5356,0
D5357,0
D5361,0
D5362,0
D5363,1
D5366,0
D5385,0
D5389,0
D5390,0
D5393,0
D5394,0
D5399,0
D5400,0
D5401,0
D5412,0
D5427,0
D5434,1
D5436,0
D5440,0
D5446,0
D5448,0
D5451,0
D5453,0
D5457,0
D5471,0
D5472,0
D5473,0
D5479,0
D5483,0
D5489,0
D5491,0
D5492,1
D5493,1
D5498,0
D5500,0
D5501,1
D5505,0
D5511,0
D5516,0
D5527,0
D5535,0
D5538,0
D5545,0
D5559,0
D5561,0
D5564,0
D5567,0
D5578,0
D5582,0
D5584,0
D5592,0
D5595,0
D5599,0
D5602,0
D5605,0
D5609,0
D5616,0
D5617,0
D5630,0
D5632,0
D5637,0
D5640,1
D5645,0
D5649,0
D5650,0
D5651,0
D5657,0
D5660,0
D5661,0
D5664,0
D5665,0
D5668,1
D5670,0
D5671,0
D5673,0
D5674,0
D5685,0
D5701,0
D5703,0
D5706,0
D5709,0
D5732,0
D5737,0
D5742,0
D5748,0
D5765,0
D5770,0
D5773,0
D5774,0
D5776,0
D5782,0
D5785,0
D5798,0
D5809,0
D5815,0
D5817,0
D5821,0
D5823,0
D5825,0
D5831,0
D5832,0
D5839,0
D5840,0
D5843,0
D5844,0
D5848,0
D5855,0
D5863,0
D5866,0
D5868,0
D5869,0
D5874,0
D5875,0
D5885,0
D5890,0
D5892,0
D5899,0
D5901,0
D5905,0
D5914,0
D5920,0
D5921,0
D5923,0
D5930,0
D5931,1
D5933,0
D5934,0
D5935,0
D5938,0
D5944,0
D5946,0
D5953,0
D5955,0
D5957,0
D5960,0
D5965,0
D5967,0
D5968,0
D5974,0
D5975,0
D5977,0
D5991,0
D5992,0
D5994,0
D6008,0
D6012,0
D6013,0
D6015,1
D6022,0
D6027,0
D6039,0
D6050,0
D6052,0
D6055,0
D6056,0
D6058,0
D6067,0
D6071,0
D6079,0
D6081,0
D6083,0
D6086,0
D6095,0
D6100,0
D6110,0
D6114,0
D6116,0
D6117,0
D6119,0
D6120,0
D6122,0
D6126,0
D6128,0
D6129,0
D6133,0
D6136,0
D6151,0
D6152,0
D6153,0
D6156,0
D6157,1
D6165,0
D6166,0
D6171,0
D6180,0
D6190,0
D6192,0
D6197,0
D6202,0
D6204,0
D6208,0
D6211,0
D6216,0
D6224,0
D6225,0
D6228,0
D6240,1
D6243,1
D6244,0
D6253,1
D6254,0
D6256,0
D6274,0
D6277,0
D6281,0
D6290,0
D6297,0
D6300,0
D6306,0
D6311,0
D6313,0
D6321,0
D6323,0
D6324,0
D6332,1
D6336,0
D6341,0
D6344,0
D6356,1
D6358,0
D6363,0
D6364,0
D6377,0
D6381,0
D6387,0
D6392,0
D6394,0
D6397,0
D6398,0
D6404,0
D6410,0
D6412,0
D6414,0
D6415,0
D6422,0
D6423,0
D6425,0
D6433,0
D6437,0
D6441,0
D6442,0
D6445,0
D6449,0
D6454,0
D6458,0
D6463,0
D6466,0
D6467,0
D6468,0
D6469,0
D6472,0
D6475,0
D6477,0
D6478,0
D6485,0
D6489,0
D6496,0
D6497,0
D6504,0
D6505,0
D6507,0
D6510,0
D6512,0
D6513,0
D6514,0
D6520,0
D6523,0
D6528,0
D6530,0
D6532,0
D6533,0
D6534,0
D6538,0
D6539,0
D6540,0
D6542,0
D6544,0
D6550,0
D6553,0
D6571,0
D6574,0
D6576,0
D6577,0
D6579,1
D6584,0
D6586,0
D6589,0
D6590,0
D6591,0
D6595,0
D6596,0
D6598,0
D6600,0
D6607,0
D6611,0
D6612,0
D6617,0
D6618,0
D6624,0
D6632,0
D6638,0
D6639,0
D6641,0
D6642,1
D6645,0
D6649,0
D6650,0
D6656,0
D6666,0
D6671,0
D6673,0
D6681,0
D6682,0
D6683,0
D6689,0
D6692,0
D6696,0
D6699,0
D6705,1
D6711,0
D6713,0
D6715,0
D6717,0
D6718,0
D6719,0
D6721,0
D6722,0
D6725,0
D6727,0
D6730,0
D6734,0
D6735,0
D6745,0
D6750,0
D6752,1
D6762,0
D6772,0
D6775,0
D6776,0
D6778,0
D6786,0
D6787,0
D6792,0
D6798,0
D6810,0
D6817,0
D6819,1
D6822,0
D6827,0
D6828,0
D6833,0
D6840,0
D6845,0
D6847,0
D6848,0
D6849,0
D6851,0
D6861,0
D6864,0
D6868,0
D6875,0
D6876,0
D6877,0
D6879,0
D6883,0
D6884,0
D6889,0
D6894,0
D6897,0
D6907,0
D6908,0
D6914,0
D6921,0
D6924,0
D6926,0
D6931,0
D6934,0
D6949,0
D6954,0
D6955,1
D6965,0
D6967,0
D6968,0
D6980,0
D6983,0
D6984,0
D6989,0
D6998,0
D7001,0
D7002,0
D7004,0
D7015,0
D7020,0
D7023,0
D7028,0
D7030,0
D7036,0
D7038,0
D7039,0
D7041,0
D7042,0
D7045,0
D7047,0
D7050,0
D7056,0
D7059,0
D7065,0
D7074,0
D7076,0
D7079,0
D7083,0
D7087,0
D7096,0
D7104,0
D7106,0
D7108,0
D7111,0
D7114,0
D7115,0
D7118,0
D7131,0
D7133,0
D7135,0
D7139,0
D7141,0
D7143,0
D7152,0
D7153,0
D7158,0
D7159,0
D7160,0
D7161,0
D7170,0
D7174,0
D7175,0
D7185,0
D7186,0
D7194,0
D7197,0
D7198,0
D7203,0
D7207,0
D7214,0
D7216,0
D7222,0
D7227,0
D7229,0
D7230,0
D7248,0
D7250,0
D7256,0
D7259,0
D7263,0
D7266,0
D7272,0
D7273,0
D7285,0
D7290,0
D7291,0
D7294,1
D7300,0
D7303,0
D7310,0
D7315,0
D7316,0
D7325,0
D7328,0
D7336,0
D7339,0
D7341,0
D7342,0
D7352,0
D7361,0
D7363,0
D7378,0
D7379,0
D7385,0
D7391,0
D7397,0
D7400,0
D7401,0
D7406,0
D7411,0
D7414,0
D7426,0
D7427,0
D7433,0
D7439,1
D7452,0
D7455,0
D7463,0
D7467,0
D7470,0
D7475,0
D7484,0
D7490,0
D7495,0
D7500,0
D7508,0
D7514,1
D7519,0
D7526,1
D7528,0
D7529,0
D7534,0
D7535,0
D7538,0
D7543,0
D7544,0
D7545,0
D7546,0
D7547,0
D7550,0
D7551,1
D7553,0
D7555,0
D7565,0
D7567,0
D7568,0
D7574,0
D7575,0
D7590,0
D7591,0
D7593,0
D7598,0
D7602,0
D7604,0
D7609,1
D7611,0
D7612,0
D7614,0
D7615,0
D7620,0
D7621,1
D7624,0
D7625,0
D7630,0
D7633,0
D7634,0
D7635,0
D7647,0
D7652,1
D7655,1
D7656,0
D7661,0
D7663,0
D7666,0
D7668,1
D7670,0
D7679,1
D7681,0
D7682,0
D7689,1
D7690,0
D7691,0
D7693,0
D7698,0
D7700,0
D7701,0
D7706,0
D7709,0
D7712,1
D7713,0
D7714,0
D7715,0
D7718,0
D7726,0
D7733,0
D7734,0
D7735,0
D7736,0
D7738,0
D7741,0
D7744,0
D7746,1
D7751,1
D7754,0
D7756,0
D7758,0
D7761,0
D7762,0
D7771,0
D7774,0
D7778,0
D7780,0
D7792,0
D7795,0
D7797,2
D7802,0
D7804,0
D7809,1
D7810,1
D7813,0
D7814,0
D7815,1
D7829,0
D7835,2
D7843,0
D7847,1
D7850,0
D7851,2
D7853,0
D7854,1
D7855,0
D7861,0
D7867,0
D7868,1
D7871,0
D7879,0
D7885,0
D7887,0
D7890,0
D7892,4
D7893,4
D7896,0
D7900,0
D7903,0
D7906,0
D7911,0
D7913,0
D7915,1
D7917,1
D7918,0
D7923,1
D7925,0
D7928,0
D7929,0
D7931,1
D7932,0
D7933,0
D7934,1
D7935,0
D7936,0
D7939,0
D7941,0
D7946,0
D7948,0
D7957,0
D7960,0
D7969,0
D7971,0
D7972,1
D7977,1
D7986,1
D7987,0
D7989,0
D7990,2
D7999,0
D8001,0
D8010,0
D8012,0
D8016,1
D8018,0
D8021,0
D8024,0
D8026,0
D8029,0
D8036,0
D8038,0
D8043,0
D8052,0
D8053,0
D8055,0
D8056,0
D8057,0
D8059,0
D8066,0
D8067,0
D8073,0
D8074,0
D8078,0
D8081,0
D8088,1
D8090,0
D8093,0
D8099,1
D8100,0
D8102,0
D8103,0
D8110,0
D8112,1
D8115,0
D8121,0
D8124,0
D8126,0
D8131,10
D8132,1
D8136,0
D8138,0
D8144,0
D8145,0
D8146,1
D8149,0
D8150,0
D8151,0
D8160,0
D8168,0
D8173,0
D8175,0
D8177,1
D8186,0
D8188,0
D8191,1
D8197,0
D8198,1
D8201,0
D8202,0
D8207,0
D8210,2
D8211,1
D8215,1
D8219,0
D8235,0
D8244,0
D8245,0
D8250,0
D8255,0
D8260,0
D8262,0
D8267,1
D8268,1
D8275,0
D8280,0
D8283,0
D8290,0
D8295,0
D8297,2
D8304,0
D8306,0
D8318,0
D8320,0
D8321,0
D8324,0
D8326,0
D8332,0
D8333,0
D8334,1
D8339,0
D8340,0
D8342,3
D8343,0
D8346,1
D8358,0
D8359,1
D8360,0
D8361,0
D8362,0
D8363,0
D8364,1
D8365,0
D8366,0
D8368,0
D8369,1
D8374,0
D8375,0
D8376,0
D8381,0
D8384,0
D8387,0
D8388,0
D8391,1
D8392,0
D8393,0
D8394,0
D8395,0
D8397,1
D8405,0
D8407,0
D8412,0
D8418,1
D8420,0
D8421,0
D8424,1
D8425,0
D8431,2
D8432,0
D8433,0
D8434,0
D8435,0
D8441,1
D8442,1
D8446,0
D8447,2
D8452,0
D8455,2
D8458,2
D8459,0
D8470,0
D8473,0
D8478,0
D8479,1
D8486,0
D8487,0
D8491,0
D8492,0
D8493,0
D8497,1
D8499,0
D8501,1
D8502,1
D8505,0
D8508,0
D8510,0
D8512,2
D8521,0
D8523,0
D8528,1
D8533,0
D8546,0
D8550,0
D8552,0
D8554,1
D8559,0
D8568,0
D8569,0
D8572,0
D8573,0
D8574,0
D8577,0
D8578,0
D8580,0
D8582,0
D8584,0
D8585,0
D8586,0
D8589,0
D8593,1
D8597,0
D8598,0
D8609,0
D8610,1
D8611,0
D8612,1
D8616,0
D8619,0
D8620,0
D8624,0
D8627,0
D8628,0
D8632,0
D8635,0
D8636,0
D8639,0
D8641,0
D8642,0
D8643,1
D8648,0
D8649,0
D8652,0
D8659,2
D8660,0
D8661,0
D8665,2
D8666,0
D8670,0
D8672,0
D8674,1
D8676,1
D8678,1
D8682,0
D8684,0
D8685,0
D8688,0
D8690,0
D8695,0
D8697,0
D8700,0
D8703,0
D8707,0
D8711,0
D8713,0
D8714,0
D8716,0
D8717,0
D8720,0
D8725,0
D8727,0
D8731,0
D8732,0
D8735,1
D8739,1
D8747,0
D8751,0
D8752,0
D8753,0
D8767,0
D8772,0
D8773,0
D8777,0
D8779,1
D8786,0
D8790,0
D8799,0
D8816,0
D8822,0
D8824,0
D8831,0
D8834,0
D8837,0
D8840,0
D8843,0
D8845,0
D8850,0
D8857,0
D8858,0
D8862,0
D8864,0
D8867,0
D8868,0
D8878,0
D8891,0
D8896,1
D8899,0
D8902,0
D8907,0
D8908,0
D8910,0
D8922,0
D8925,0
D8928,0
D8942,0
D8944,0
D8946,0
D8948,0
D8951,0
D8952,0
D8956,0
D8957,0
D8958,1
D8960,0
D8962,0
D8966,0
D8967,0
D8974,0
D8979,1
D8981,0
D8985,0
D8992,0
D8999,0
D9003,0
D9004,0
D9008,0
D9017,0
D9018,0
D9021,0
D9026,0
D9042,0
D9046,0
D9051,0
D9056,0
D9061,0
D9066,0
D9073,0
D9077,0
D9079,0
D9084,0
D9085,0
D9088,0
D9091,0
D9092,0
D9093,0
D9094,0
D9099,0
D9100,0
D9104,0
D9108,0
D9109,0
D9111,0
D9120,0
D9136,0
D9140,0
D9141,1
D9143,1
D9145,0
D9146,0
D9148,0
D9162,0
D9163,0
D9171,1
D9182,0
D9192,0
D9197,0
D9202,0
D9206,0
D9214,0
D9219,0
D9221,0
D9225,0
D9233,0
D9236,0
D9240,0
D9245,0
D9254,0
D9257,0
D9265,0
D9267,0
D9273,0
D9280,0
D9287,0
D9289,0
D9290,0
D9300,0
D9313,0
D9314,1
D9326,1
D9327,0
D9331,0
D9336,0
D9338,0
D9340,0
D9344,0
D9347,0
D9354,0
D9355,0
D9364,0
D9365,0
D9366,1
D9367,0
D9388,0
D9393,0
D9395,0
D9400,0
D9403,0
D9407,0
D9408,0
D9416,0
D9426,0
D9430,0
D9433,0
D9435,0
D9436,0
D9446,1
D9450,0
D9455,0
D9457,0
D9463,0
D9472,0
D9474,0
D9477,0
D9484,0
D9487,1
D9508,0
D9509,0
D9511,0
D9518,0
D9522,0
D9525,0
D9529,0
D9530,1
D9534,0
D9570,0
D9572,0
D9574,0
D9581,0
D9582,0
D9583,0
D9594,0
D9596,1
D9600,0
D9608,0
D9611,0
D9613,0
D9618,0
D9620,0
D9621,0
D9628,0
D9641,0
D9645,0
D9654,0
D9656,0
D9661,1
D9672,0
D9686,0
D9690,0
D9692,0
D9699,0
D9703,0
D9706,0
D9707,0
D9712,0
D9715,0
D9717,0
D9720,0
D9724,0
D9730,0
D9732,0
D9752,0
D9762,0
D9765,0
D9779,0
D9780,0
D9782,0
D9783,1
D9791,0
D9795,0
D9805,0
D9807,0
D9829,0
D9831,0
D9832,0
D9833,0
D9835,0
D9837,0
D9838,0
D9840,0
D9847,0
D9849,0
D9850,0
D9856,0
D9863,0
D9893,0
D9895,1
D9902,0
D9908,0
D9912,0
D9913,2
D9914,0
D9918,0
D9921,0
D9924,0
D9928,0
D9936,0
D9941,0
D9942,0
D9949,0
D9950,0
D9951,0
D9965,0
D9990,0
D9991,0
D9995,0
D9998,0
D10005,0
D10008,1
D10012,0
D10019,0
D10026,2
D10028,0
D10041,0
D10046,0
D10053,0
D10055,0
D10071,0
D10079,0
D10080,0
D10085,0
D10095,1
D10103,0
D10110,1
D10113,0
D10123,0
D10133,0
D10144,0
D10146,0
D10148,0
D10164,0
D10168,1
D10172,0
D10174,0
D10176,0
D10177,1
D10178,0
D10181,0
D10182,0
D10186,0
D10193,0
D10196,0
D10204,0
D10207,0
D10210,1
D10211,0
D10213,0
D10214,0
D10220,0
D10223,0
D10227,0
D10233,0
D10237,0
D10240,0
D10244,0
D10249,0
D10258,0
D10261,0
D10262,0
D10264,0
D10267,0
D10272,0
D10284,2
D10285,4
D10291,0
D10297,0
D10299,0
D10304,1
D10307,0
D10308,0
D10311,0
D10312,0
D10321,1
D10323,3
D10324,3
D10325,2
D10326,2
D10327,8
D10328,0
D10330,0
D10331,0
D10332,1
D10334,5
D10335,1
D10338,2
D10341,0
D10342,0
D10344,7
D10345,4
D10346,2
D10348,2
D10349,5
D10350,3
D10351,1
D10357,1
D10358,2
D10360,2
D10363,0
D10364,0
D10370,0
D10376,1
D10381,1
D10383,1
D10385,0
D10388,1
D10393,4
D10394,1
D10395,1
D10396,7
D10397,3
D10398,1
D10399,2
D10400,2
D10406,0
D10407,0
D10411,0
D10413,1
D10418,0
D10422,7
D10424,4
D10425,1
D10426,0
D10429,0
D10430,0
D10436,1
D10437,0
D10439,0
D10443,0
D10444,0
D10446,2
D10449,0
D10450,0
D10458,0
D10464,2
D10466,3
D10467,0
D10468,2
D10469,0
D10470,0
D10472,0
D10477,2
D10478,2
D10479,7
D10480,6
D10481,4
D10482,2
D10483,4
D10488,0
D10490,2
D10491,1
D10492,2
D10495,1
D10496,0
D10497,0
D10500,1
D10501,0
D10505,3
D10508,1
D10511,3
D10513,2
D10516,0
D10517,0
D10520,0
D10523,0
D10525,0
D10526,2
D10534,0
D10537,0
D10538,1
D10544,2
D10545,1
D10546,0
D10547,0
D10549,0
D10550,2
D10553,2
D10555,0
D10557,1
D10558,0
D10564,4
D10565,0
D10566,1
D10568,1
D10570,1
D10573,2
D10575,0
D10578,0
D10581,2
D10583,1
D10585,0
D10588,2
D10589,0
D10590,0
D10595,0
D10598,0
D10600,0
D10607,0
D10611,0
D10612,0
D10613,0
D10620,0
D10626,1
D10632,0
D10635,1
D10638,0
D10642,2
D10650,0
D10653,2
D10661,3
D10662,0
D10663,0
D10665,1
D10666,0
D10668,0
D10674,0
D10682,1
D10688,0
D10692,0
D10695,0
D10699,0
D10705,0
D10706,0
D10708,0
D10709,0
D10711,1
D10713,0
D10715,0
D10717,0
D10729,0
D10730,0
D10731,1
D10737,1
D10741,0
D10743,0
D10744,0
D10745,0
D10747,0
D10749,0
D10758,0
D10762,0
D10763,0
D10765,0
D10766,0
D10769,0
D10774,0
D10775,1
D10780,6
D10781,0
D10783,0
D10785,0
D10787,0
D10791,0
D10809,0
D10814,0
D10817,0
D10824,0
D10825,0
D10831,0
D10832,0
D10834,0
D10839,0
D10840,1
D10842,0
D10844,0
D10845,0
D10847,0
D10849,0
D10851,0
D10853,0
D10855,0
D10858,0
D10863,0
D10864,1
D10888,0
D10899,0
D10910,0
D10919,0
D10927,0
D10935,0
D10939,0
D10941,0
D10943,0
D10949,0
D10951,0
D10955,0
D10956,0
D10961,0
D10963,0
D10971,0
D10984,0
D10986,0
D10987,1
D10994,1
D11001,0
D11004,0
D11013,0
D11019,0
D11020,0
D11050,0
D11051,0
D11058,0
D11061,0
D11062,0
D11063,0
D11068,0
D11071,0
D11084,0
D11093,0
D11094,0
D11099,0
D11102,0
D11106,0
D11108,0
D11112,0
D11115,1
D11116,0
D11126,1
D11129,0
D11132,0
D11136,1
D11137,1
D11139,0
D11145,0
D11152,0
D11154,1
D11161,0
D11164,0
D11166,2
D11170,0
D11171,3
D11174,0
D11181,0
D11183,0
D11193,0
D11199,0
D11200,0
D11209,0
D11212,0
D11215,0
D11222,0
D11228,0
D11230,1
D11231,0
D11232,0
D11233,0
D11237,0
D11238,0
D11240,0
D11247,0
D11249,0
D11250,0
D11251,0
D11264,0
D11276,0
D11277,0
D11280,0
D11290,0
D11294,0
D11297,0
D11313,0
D11316,0
D11320,0
D11325,0
D11327,0
D11330,0
D11335,0
D11342,0
D11348,0
D11352,4
D11353,1
D11355,0
D11366,0
D11370,0
D11372,0
D11376,0
D11385,0
D11389,0
D11392,0
D11395,0
D11402,0
D11408,0
D11410,0
D11418,0
D11426,0
D11432,0
D11438,0
D11440,0
D11442,0
D11444,0
D11446,0
D11450,0
D11454,0
D11458,0
D11459,0
D11470,0
D11471,0
D11475,0
D11480,0
D11486,0
D11496,0
D11500,0
D11501,0
D11503,0
D11510,0
D11517,0
D11518,0
D11521,0
D11522,0
D11525,0
D11527,0
D11530,0
D11531,0
D11533,0
D11541,1
D11542,0
D11553,0
D11561,0
D11565,1
D11576,0
D11579,0
D11581,0
D11583,0
D11584,0
D11588,1
D11592,0
D11602,0
D11608,0
D11612,0
D11621,0
D11632,0
D11635,0
D11636,0
D11645,0
D11657,0
D11673,0
D11681,0
D11685,0
D11699,1
D11700,0
D11706,0
D11710,0
D11717,1
D11737,0
D11739,0
D11740,0
D11741,0
D11743,0
D11750,0
D11754,0
D11755,0
D11756,1
D11759,0
D11761,0
D11767,0
D11777,0
D11779,0
D11780,0
D11786,0
D11804,0
D11811,0
D11813,0
D11815,0
D11817,0
D11821,0
D11831,0
D11838,0
D11839,1
D11840,0
D11848,0
D11856,0
D11865,0
D11868,0
D11874,0
D11876,0
D11879,0
D11883,0
D11888,0
D11889,2
D11892,2
D11893,0
D11894,0
D11895,0
D11900,0
D11901,0
D11904,0
D11921,0
D11930,0
D11943,0
D11951,0
D11956,0
D11957,0
D11960,0
D11962,0
D11965,0
D11969,0
D11977,0
D11979,0
D11982,0
D11983,0
D11985,2
D11986,0
D11987,0
D11989,0
D11994,0
D12000,0
D12003,0
D12010,0
D12012,0
D12020,0
D12021,0
D12025,0
D12026,0
D12030,0
D12032,1
D12034,0
D12036,1
D12041,0
D12042,0
D12045,0
D12047,1
D12070,1
D12074,0
D12076,1
D12077,1
D12079,0
D12080,0
D12083,0
D12086,0
D12106,0
D12114,0
D12129,0
D12130,0
D12136,0
D12138,1
D12145,0
D12149,0
D12158,0
D12160,0
D12161,0
D12165,0
D12170,0
D12184,0
D12188,0
D12193,0
D12197,0
D12208,0
D12209,0
D12212,0
D12215,0
D12222,0
D12223,0
D12236,1
D12238,1
D12243,0
D12248,0
D12256,0
D12257,0
D12261,0
D12265,0
D12268,0
D12269,0
D12271,0
D12273,0
D12277,1
D12279,0
D12282,0
D12305,0
D12313,0
D12316,0
D12318,0
D12319,0
D12321,0
D12322,0
D12323,0
D12336,0
D12342,0
D12345,0
D12347,0
D12349,0
D12352,0
D12357,3
D12364,0
D12370,0
D12372,0
D12374,0
D12376,0
D12378,0
D12383,0
D12391,0
D12392,0
D12400,0
D12405,0
D12410,0
D12411,0
D12418,0
D12422,0
D12425,1
D12435,2
D12445,0
D12446,0
D12447,0
D12451,0
D12456,0
D12459,0
D12470,0
D12472,0
D12473,0
D12474,0
D12475,0
D12481,0
D12482,0
D12486,0
D12490,0
D12491,0
D12498,0
D12499,0
D12502,0
D12504,0
D12507,0
D12513,0
D12516,0
D12532,0
D12533,0
D12544,0
D12550,0
D12557,0
D12560,1
D12561,0
D12564,0
D12574,0
D12579,0
D12585,0
D12611,0
D12613,0
D12623,0
D12630,0
D12637,1
D12638,0
D12640,0
D12645,0
D12646,1
D12648,0
D12650,0
D12657,0
D12661,0
D12662,0
D12669,0
D12671,0
D12690,0
D12694,0
D12699,0
D12700,0
D12701,0
D12706,0
D12709,0
D12716,0
D12723,0
D12724,0
D12735,0
D12738,0
D12741,0
D12743,0
D12749,0
D12750,0
D12757,0
D12768,0
D12774,0
D12776,0
D12778,0
D12785,0
D12789,0
D12791,0
D12792,0
D12793,0
D12796,0
D12799,0
D12808,0
D12809,0
D12815,0
D12816,0
D12818,0
D12819,0
D12823,0
D12830,1
D12846,0
D12853,0
D12856,0
D12859,0
D12863,0
D12868,0
D12877,0
D12882,0
D12884,0
D12885,0
D12889,0
D12894,0
D12903,0
D12904,0
D12910,0
D12912,0
D12914,0
D12915,0
D12924,0
D12926,0
D12929,0
D12930,0
D12938,0
D12939,0
D12946,0
D12948,0
D12951,0
D12957,0
D12977,0
D12979,0
D12980,0
D12996,0
D12998,0
D13002,0
D13005,0
D13008,0
D13009,0
D13012,0
D13013,0
D13018,0
D13022,0
D13028,0
D13029,0
D13030,0
D13036,0
D13042,1
D13044,0
D13048,0
D13050,0
D13055,0
D13058,0
D13064,0
D13072,0
D13078,1
D13080,0
D13095,0
D13097,0
D13108,2
D13109,0
D13111,0
D13113,0
D13116,0
D13120,0
D13124,0
D13125,0
D13129,1
D13130,0
D13131,2
D13132,0
D13135,1
D13136,0
D13145,0
D13146,0
D13147,1
D13156,0
D13157,0
